,class_accuracy,class_precision,class_recall
0,0.71792763,0.7149877,0.71792763
1,0.34672716,0.46847636,0.34672716
2,0.6371534,0.56353426,0.6371534
