,class_accuracy,class_precision,class_recall
0,0.21299343,0.5098425,0.21299343
1,0.30265716,0.30643046,0.30265716
2,0.63782156,0.43112016,0.63782156
