,global_accuracy,file_accuracy,global_precision,global_recall
global_clip,0.3844907283782959,0.8846153846153846,0.41579771041870117,0.3844907283782959
