,global_accuracy,file_accuracy,global_precision,global_recall
global_clip,0.5672694444656372,0.7692307692307693,0.5823327898979187,0.5672694444656372
