,class_accuracy,class_precision,class_recall
0,0.9962993,0.59213096,0.9962993
1,0.5852236,0.8691049,0.5852236
2,0.43234214,0.70440936,0.43234214
