,class_accuracy,class_precision,class_recall
0,0.54523027,0.72065216,0.54523027
1,0.5411536,0.53422904,0.5411536
2,0.6551955,0.5500701,0.6551955
