,global_accuracy,file_accuracy,global_precision,global_recall
global_clip,0.5805264711380005,0.6153846153846154,0.6016504764556885,0.5805264711380005
