,global_accuracy,file_accuracy,global_precision,global_recall
global_clip,0.6712883710861206,0.7115384615384616,0.7218817472457886,0.6712883710861206
