,class_accuracy,class_precision,class_recall
0,0.40831682,0.74764323,0.40831682
1,0.4131296,0.27609682,0.4131296
2,0.53185326,0.4894877,0.53185326
