,global_accuracy,global_precision,global_recall
global,0.4510999023914337,0.5044092535972595,0.4510999023914337
