,global_accuracy,global_precision,global_recall
global,0.3333333432674408,0.11634137481451035,0.3333333432674408
