,class_accuracy,class_precision,class_recall
0,0.5140594,0.7595085,0.5140594
1,0.33220148,0.3491969,0.33220148
2,0.7194337,0.557606,0.7194337
