,class_accuracy,class_precision,class_recall
0,0.4946546,0.7416769,0.4946546
1,0.22747894,0.31650135,0.22747894
2,0.7434013,0.5251357,0.7434013
