,global_accuracy,global_precision,global_recall
global,0.4885116219520569,0.5277713537216187,0.4885116219520569
