,class_accuracy,class_precision,class_recall
0,0.081003286,0.49622166,0.081003286
1,0.3933895,0.49149796,0.3933895
2,0.8042098,0.45108697,0.8042098
