,class_accuracy,class_precision,class_recall
0,0.9370888,0.64873326,0.9370888
1,0.6364226,0.579693,0.6364226
2,0.38189107,0.64906305,0.38189107
