,global_accuracy,file_accuracy,global_precision,global_recall
global_clip,0.42620086669921875,0.8846153846153846,0.47960221767425537,0.42620086669921875
