,class_accuracy,class_precision,class_recall
0,0.99917763,0.5748758,0.99917763
1,0.7258587,0.9773124,0.7258587
2,0.4390244,0.82382447,0.4390244
