,global_accuracy,file_accuracy,global_precision,global_recall
global,0.7213535308837891,0.7692307692307693,0.7920042276382446,0.7213535308837891
