,class_accuracy,class_precision,class_recall
0,0.26685855,0.62765956,0.26685855
1,0.31432274,0.3797964,0.31432274
2,0.70130306,0.45071936,0.70130306
