,class_accuracy,class_precision,class_recall
0,0.9847862,0.65383565,0.9847862
1,0.4588464,0.7754655,0.4588464
2,0.52890074,0.6617893,0.52890074
