,global_accuracy,file_accuracy,global_precision,global_recall
global_clip,0.4274947941303253,0.8461538461538461,0.48605844378471375,0.4274947941303253
