,global_accuracy,file_accuracy,global_precision,global_recall
global_clip,0.6575111150741577,0.6730769230769231,0.6970301866531372,0.6575111150741577
