,class_accuracy,class_precision,class_recall
0,0.83922696,0.43049988,0.83922696
1,0.6357745,0.44814983,0.6357745
2,0.012362178,0.9736842,0.012362178
