,global_accuracy,global_precision,global_recall
global,0.4957878887653351,0.617444634437561,0.4957878887653351
