,class_accuracy,class_precision,class_recall
0,0.46011513,0.7450067,0.46011513
1,0.46791965,0.52432823,0.46791965
2,0.7103241,0.5199315,0.7103241
