,class_accuracy,class_precision,class_recall
0,0.99671054,0.60104144,0.99671054
1,0.5670771,0.8723829,0.5670771
2,0.44837955,0.694617,0.44837955
