,global_accuracy,file_accuracy,global_precision,global_recall
global_clip,0.5461196899414062,0.6923076923076923,0.5964221358299255,0.5461196899414062
