,global_accuracy,file_accuracy,global_precision,global_recall
global_clip,0.6707223653793335,0.7307692307692307,0.7226804494857788,0.6707223653793335
