,class_accuracy,class_precision,class_recall
0,0.3515625,0.71488297,0.3515625
1,0.3668179,0.46393442,0.3668179
2,0.72535914,0.4769332,0.72535914
