,global_accuracy,global_precision,global_recall
global,0.5918076038360596,0.6024140119552612,0.5918076038360596
