,class_accuracy,class_precision,class_recall
0,0.5671287,0.7239636,0.5671287
1,0.4204867,0.28665122,0.4204867
2,0.47104248,0.5173145,0.47104248
