,global_accuracy,global_precision,global_recall
global,0.4862193167209625,0.5093097686767578,0.4862193167209625
