,global_accuracy,global_precision,global_recall
global,0.40661168098449707,0.4255288541316986,0.40661168098449707
