,class_accuracy,class_precision,class_recall
0,0.7497244,0.5302144,0.7497244
1,0.70970327,0.83648396,0.70970327
2,0.4661587,0.62312764,0.4661587
