,global_accuracy,global_precision,global_recall
global,0.641862154006958,0.6632753610610962,0.641862154006958
