,class_accuracy,class_precision,class_recall
0,0.5888158,0.66978484,0.5888158
1,0.316267,0.32729712,0.316267
2,0.64684266,0.5798143,0.64684266
