,class_accuracy,class_precision,class_recall
0,0.32871288,0.51425034,0.32871288
1,0.30843237,0.3170448,0.30843237
2,0.5826898,0.44529137,0.5826898
