,class_accuracy,class_precision,class_recall
0,0.25164473,0.48,0.25164473
1,0.12508102,0.4366516,0.12508102
2,0.78683597,0.448486,0.78683597
