,class_accuracy,class_precision,class_recall
0,0.0024671052,0.3529412,0.0024671052
1,0.5897602,0.27939823,0.5897602
2,0.5683261,0.46047646,0.5683261
