,global_accuracy,file_accuracy,global_precision,global_recall
global_clip,0.38685113191604614,0.4423076923076923,0.36427196860313416,0.38685113191604614
