,global_accuracy,file_accuracy,global_precision,global_recall
global_clip,0.3878539204597473,0.38461538461538464,0.4550458490848541,0.3878539204597473
