,class_accuracy,class_precision,class_recall
0,0.26376238,0.4791367,0.26376238
1,0.2891907,0.31621286,0.2891907
2,0.6087516,0.43058717,0.6087516
