,global_accuracy,global_precision,global_recall
global,0.3872349262237549,0.4086455702781677,0.3872349262237549
