,class_accuracy,class_precision,class_recall
0,0.9958882,0.5908758,0.9958882
1,0.5891121,0.8681948,0.5891121
2,0.43033746,0.7069155,0.43033746
