,class_accuracy,class_precision,class_recall
0,0.5830592,0.7100651,0.5830592
1,0.5618924,0.53288263,0.5618924
2,0.6304711,0.5642943,0.6304711
