,global_accuracy,file_accuracy,global_precision,global_recall
global,0.6717792749404907,0.7115384615384616,0.7219953536987305,0.6717792749404907
