,class_accuracy,class_precision,class_recall
0,0.7800441,0.49929428,0.7800441
1,0.7032879,0.8778779,0.7032879
2,0.40788883,0.62371486,0.40788883
