,global_accuracy,global_precision,global_recall
global,0.6304069757461548,0.6669623851776123,0.6304069757461548
