,global_accuracy,file_accuracy,global_precision,global_recall
global_clip,0.4812465310096741,0.8076923076923077,0.5519168972969055,0.4812465310096741
