,global_accuracy,global_precision,global_recall
global,0.36250901222229004,0.38433945178985596,0.36250901222229004
