,class_accuracy,class_precision,class_recall
0,0.5587993,0.91700405,0.5587993
1,0.3182113,0.9939271,0.3182113
2,0.982292,0.5889423,0.982292
