,global_accuracy,file_accuracy,global_precision,global_recall
global,0.6197675466537476,0.6538461538461539,0.8332911729812622,0.6197675466537476
