,class_accuracy,class_precision,class_recall
0,0.46792763,0.7447644,0.46792763
1,0.23720026,0.36094674,0.23720026
2,0.77113265,0.52146405,0.77113265
