,global_accuracy,global_precision,global_recall
global,0.49208685755729675,0.5423917770385742,0.49208685755729675
