,class_accuracy,class_precision,class_recall
0,0.9958882,0.61644185,0.9958882
1,0.53208035,0.8507772,0.53208035
2,0.4727698,0.6822565,0.4727698
