,global_accuracy,file_accuracy,global_precision,global_recall
global_clip,0.6669127941131592,0.6923076923076923,0.7164918780326843,0.6669127941131592
