,class_accuracy,class_precision,class_recall
0,0.52752477,0.703645,0.52752477
1,0.43350312,0.32077053,0.43350312
2,0.52509654,0.5232446,0.52509654
