,global_accuracy,global_precision,global_recall
global,0.495374858379364,0.5158867239952087,0.495374858379364
