,class_accuracy,class_precision,class_recall
0,0.5611881,0.71313536,0.5611881
1,0.3565365,0.2795031,0.3565365
2,0.5135135,0.50522316,0.5135135
