,global_accuracy,global_precision,global_recall
global,0.5173084735870361,0.5256321430206299,0.5173084735870361
