,class_accuracy,class_precision,class_recall
0,0.20148027,0.46357617,0.20148027
1,0.29099157,0.2704819,0.29099157
2,0.5950551,0.41896024,0.5950551
