,class_accuracy,class_precision,class_recall
0,0.5409901,0.68712276,0.5409901
1,0.13921902,0.30559006,0.13921902
2,0.77284425,0.5213805,0.77284425
