,global_accuracy,global_precision,global_recall
global,0.5218982100486755,0.5554371476173401,0.5218982100486755
