,global_accuracy,global_precision,global_recall
global,0.48435115814208984,0.5046977996826172,0.48435115814208984
