,class_accuracy,class_precision,class_recall
0,0.5612664,0.7422512,0.5612664
1,0.44912508,0.2951448,0.44912508
2,0.46876043,0.5044948,0.46876043
