,global_accuracy,global_precision,global_recall
global,0.4930506646633148,0.5139635801315308,0.4930506646633148
