,global_accuracy,global_precision,global_recall
global,0.4770793914794922,0.4992872476577759,0.4770793914794922
